,unique_id
0,CP065865.1
1,CP042269.1
2,CP027169.1
3,CP029093.1
4,CP012582.1
5,CP000744.1
6,CP013245.1
7,CP008856.2
8,CP050324.1
9,CP009470.1
10,AP018405.1
11,CP057012.1
12,CP057014.1
13,CP057016.1
14,CP057022.1
15,CP057024.1
16,CP057026.1
17,CP057141.1
18,CP057605.1
19,CP057608.1
20,CP057612.1
21,CP062203.1
22,CP023512.1
23,CP019410.1
24,CP042441.1
25,CP017692.1
26,CP063162.1
27,CP061470.1
28,AP022557.1
29,CP061471.1
30,CP012712.1
31,CP016622.1
32,CP016916.1
33,CP001794.1
34,CP002442.1
35,CP051162.1
36,CP025074.1
37,BA000043.1
38,CP006254.2
39,CP008934.1
40,CP018058.1
41,CP013238.1
42,CP002215.1
43,CP021152.1
44,CP035458.1
45,CP002995.1
46,CP022545.1
47,CP066774.1
48,CP009803.1
49,CP058556.1
50,CP023016.1
51,CP046361.1
52,CP046362.1
53,LT985476.1
54,CP002004.1
55,CP006591.1
56,CP020827.1
57,CP021174.1
58,CP027029.1
59,CP032669.1
60,CP045969.1
61,CP030808.1
62,FN557490.1
63,CP019623.1
64,CP020828.1
65,CP038642.1
66,CP053930.1
67,CM000739.1
68,CP033789.1
69,CP009299.1
70,CP020089.1
71,CP046279.1
72,CP029035.1
73,CP017977.1
74,CP029336.1
75,CP020912.1
76,CP029039.1
77,CP007530.1
78,CP019197.1
79,CP029029.1
80,CP033344.1
81,LN890522.1
82,CP014996.1
83,CP040701.1
84,CP042438.1
85,AP018699.1
86,CP028241.1
87,CP045143.1
88,CP029536.1
89,CP031195.1
90,CP033616.1
91,CP065160.1
92,CP020107.1
93,AP019856.1
94,CP057520.1
95,CP056269.1
96,CP046446.1
97,CP042512.1
98,CP043939.1
99,CP029566.1
100,CP012325.1
101,FN665653.1
102,CP033213.1
103,CP026613.2
104,CP035499.1
105,CP045224.1
106,CM000660.1
107,CP019864.1
108,CP026615.2
109,CP026614.2
110,CP033214.1
111,CP012309.1
112,CP025045.1
113,CP019870.1
114,CP022524.1
115,CP049958.1
116,CM000604.1
117,CP025046.1
118,CP019469.1
119,CP020424.2
120,FN668944.1
121,CP028524.1
122,CP011968.1
123,CP027014.1
124,CP028361.1
125,CP010888.1
126,CM000637.1
127,CP019857.1
128,CP013196.1
129,CP003939.1
130,CP012312.1
131,CP016102.1
132,CP016104.1
133,CP029152.1
134,CP029154.1
135,FN668375.1
136,CP028529.1
137,CP016106.1
138,CP033216.1
139,CP021319.1
140,CP012323.1
141,CP050328.1
142,CP058332.1
143,CP058333.1
144,CP058331.1
145,CP053922.1
146,CP056094.1
147,CP058257.1
148,CP034436.1
149,CP051770.1
150,HG974234.1
151,CP034435.1
152,CP051766.1
153,CP050323.1
154,CP033439.1
155,CP059063.1
156,CP053706.1
157,CP008869.2
158,CP051768.1
159,CP008872.2
160,CP033432.1
161,CP034368.1
162,CP050330.1
163,CP054472.1
164,CP041771.1
165,CP030327.1
166,CP007399.1
167,AP014839.2
168,AFXJ01000001.1
169,AFXK01000001.1
170,CP014999.1
171,CP015001.1
172,CP015002.1
173,CP021380.2
174,CP040127.1
175,CP043328.1
176,CP032569.2
177,CP034409.1
178,CP034369.1
179,CP033835.1
180,LR898867.1
181,CP029148.1
182,CP034430.1
183,CP029147.1
184,CP034434.1
185,AP014651.1
186,CP045768.1
187,CP043542.1
188,CP000033.3
189,CP005926.2
190,CP010432.1
191,CP017062.1
192,CP020620.1
193,CP022449.1
194,CP054559.1
195,CP033312.1
196,CP012914.1
197,CP033318.1
198,CP032339.1
199,CP002462.1
200,CP047981.1
201,CP025777.1
202,CP025706.1
203,CP018089.1
204,CP040604.1
205,CP065228.1
206,CP033201.1
207,CP019226.1
208,CP019515.1
209,CP034655.1
210,CP053649.1
211,CP007810.1
212,CM003052.1
213,CP043540.1
214,CP036254.1
215,HG916826.1
216,LK391695.1
217,CP065725.1
218,CP050491.1
219,CP030042.1
220,CP028724.1
221,CP007555.1
222,LR735432.1
223,CP000029.1
224,CP060703.1
225,CP047592.1
226,CP050335.1
227,CP028331.1
228,CP035738.1
229,CP012382.1
230,CP041632.1
231,CP016552.1
232,CP036255.1
233,CP062976.1
234,CP040504.1
235,CP014201.1
236,CP016482.1
237,CP028187.1
238,CP044175.1
239,CP034367.1
240,CP033078.1
241,CP030026.1
242,CP034040.1
243,CP062811.1
244,CP006731.1
245,CP013940.1
246,FN543093.2
247,CP026197.1
248,CP026192.1
249,CP028273.1
250,LS483419.1
251,CP025745.1
252,CP006717.1
253,CP012513.1
254,CP040699.1
255,CP028729.1
256,CP011396.1
257,CP012514.1
258,LS483493.1
259,CP041171.1
260,LR134232.1
261,CP019196.1
262,CP050833.1
263,CP006803.1
264,CP002464.1
265,CP044228.1
266,CP014985.1
267,CP063954.1
268,CP063953.1
269,CP061719.1
270,LR607362.1
271,CP035905.1
272,CP028850.1
273,CP026023.1
274,CP025639.1
275,CP064232.1
276,CP064205.1
277,CP052431.1
278,CP036190.1
279,CP025090.1
280,CP035383.1
281,CP017994.1
282,CP015134.1
283,CP064229.1
284,CP063925.1
285,LR025099.1
286,AP021969.1
287,LR134195.1
288,CP046513.1
289,CP048349.1
290,CP018191.1
291,CP018194.1
292,CP018048.1
293,FN545816.1
294,CM000287.4
295,CM000441.2
296,CP011846.1
297,CP026598.1
298,CP026593.1
299,CP026596.1
300,CP011848.1
301,CP026597.1
302,CP026591.1
303,CP046327.1
304,CP029423.1
305,CP026594.1
306,CM000658.1
307,CP028527.1
308,CP026595.1
309,CP028525.1
310,CP028528.1
311,CP028530.1
312,CP028523.1
313,CP028526.1
314,CP019858.1
315,CP012321.1
316,CP020378.1
317,ABHE02000059.1
318,FN668943.1
319,CP025044.1
320,FN665654.1
321,CP026599.1
322,CM000661.1
323,CP012320.1
324,FN668941.1
325,LR698984.1
326,CM000659.1
327,CM000657.1
328,FN538970.1
329,CP026592.1
330,CP013733.1
331,CP019977.1
332,CP022754.1
333,CP025747.1
334,CP061530.1
335,CP025842.1
336,LR881940.1
337,CP065619.1
338,CP062851.1
339,CP057790.1
340,CP057396.1
341,LT838200.1
342,CP047662.1
343,CP057259.1
344,CP023165.1
345,CP041110.1
346,CP010230.1
347,CP024127.1
348,CP057167.1
349,CP019273.1
350,CP061758.1
351,CP051001.1
352,CP057247.1
353,CP021722.1
354,CP042350.1
355,CP010238.1
356,CP017061.1
357,CP055652.1
358,CP027452.1
359,CP019245.1
360,CP057163.1
361,CP018948.1
362,CP032992.1
363,LS483296.1
364,AP019675.1
365,CP051738.1
366,CP057267.1
367,CP012112.1
368,CP057936.1
369,CP055660.1
370,CP054457.1
371,LR890508.1
372,CP006636.1
373,CP055941.1
374,LR134082.1
375,LR134216.1
376,LR134227.1
377,CP047571.1
378,AP022030.1
379,CP023377.1
380,CP020509.1
381,CP037910.1
382,CP059922.1
383,CP057423.1
384,CP056940.1
385,CP059723.1
386,LS992166.1
387,CP057818.1
388,CP043733.1
389,LR882050.1
390,CP029492.1
391,LR890349.1
392,CP034784.1
393,CP059904.1
394,CP042901.1
395,CP019280.1
396,CP056920.1
397,CP007393.1
398,CP045277.1
399,CP057002.1
400,CP024821.1
401,CP010132.1
402,CP051222.1
403,CP010170.1
404,AP021892.1
405,CP050220.1
406,CP055834.1
407,CP041522.1
408,AP024205.1
409,CP029057.1
410,LR134191.1
411,LR134075.1
412,LS483303.1
413,CP054940.1
414,CP058027.1
415,CP062211.1
416,CP018323.1
417,CP056278.1
418,LR134152.1
419,CP055842.1
420,CP062868.1
421,CP063713.1
422,CP010160.1
423,CP055259.1
424,CP056551.1
425,CP029164.1
426,CP044291.1
427,CP050221.1
428,CP060065.1
429,CP057778.1
430,CP041422.1
431,AP022177.1
432,CP026935.2
433,CP057634.1
434,CP041304.1
435,CP027140.1
436,LR134247.1
437,CP047277.1
438,CP010237.1
439,CP057276.1
440,CP024138.1
441,LR883965.1
442,CP042645.1
443,CP041416.1
444,CP039753.1
445,LR134228.1
446,CP053736.1
447,CP016182.2
448,CP029212.1
449,CP057270.1
450,LS483297.1
451,CP057364.1
452,CP020058.1
453,LR134220.1
454,CP045190.1
455,LR134209.1
456,CP049353.1
457,CP031833.1
458,CP048821.1
459,CP049343.1
460,CP057262.1
461,CP057368.1
462,CP057390.1
463,CP062865.1
464,CP022664.1
465,CP058046.1
466,LT838196.1
467,CP056842.1
468,AP022105.1
469,CP034843.1
470,CP038791.1
471,CP007394.1
472,CP002291.1
473,CP057525.1
474,CP062889.1
475,CP021535.1
476,CP049050.1
477,CP026641.1
478,CP059917.1
479,CP033096.1
480,AP021895.1
481,CP058040.1
482,CP059931.1
483,CP007392.1
484,LR134296.1
485,AP017610.1
486,CP020543.1
487,CP018995.1
488,CP059913.1
489,CP010121.1
490,CP013025.1
491,CP057729.1
492,AP021891.1
493,CP063369.1
494,CP010231.1
495,CP010133.1
496,CP047405.1
497,AP021896.1
498,CP057802.1
499,CP057545.1
500,CP057194.1
501,CP010129.1
502,CP056933.1
503,CP024090.1
504,CP041749.1
505,CP057402.1
506,CP057055.1
507,CP050040.1
508,CP010137.1
509,CP059907.1
510,CP054363.1
511,CP019903.1
512,CP006834.2
513,CP057378.1
514,AP022245.1
515,CP042588.1
516,CP056997.1
517,CP044021.1
518,CP010163.1
519,CP020048.1
520,CP023383.1
521,CP056991.1
522,CP010177.1
523,LR890606.1
524,CP025859.1
525,CP010169.1
526,CP058302.1
527,CP010167.1
528,CP051158.1
529,CP057638.1
530,CP010157.1
531,CP057384.1
532,AP022095.1
533,CP058052.1
534,LR134240.1
535,CP058036.1
536,LT906474.1
537,CP057626.1
538,CP053284.1
539,CP062853.1
540,CP053723.1
541,CP057380.1
542,AP023286.1
543,CP043757.1
544,CP057487.1
545,CP031609.1
546,CP058063.1
547,CP057831.1
548,CP042892.1
549,CP050222.1
550,CP007265.1
551,CP007390.1
552,CP007391.1
553,CP043739.1
554,CP043742.1
555,CP057860.1
556,CP027704.1
557,CP021347.1
558,CP007212.1
559,CP001906.1
560,CP015379.1
561,CP021971.1
562,LR699008.1
563,CP026489.1
564,CP029339.1
565,CM002272.1
566,CP001287.1
567,CP001702.1
568,CP027706.1
569,CP007188.1
570,CP022079.1
571,CP054848.1
572,CP007183.1
573,CP002002.1
574,CP007160.1
575,CP007170.1
576,CP007171.1
577,CP007684.1
578,CP007685.1
579,CP007688.1
580,CP014261.1
581,CP014790.1
582,CP028392.1
583,CP028393.1
584,CP028394.1
585,CP028395.1
586,CP028396.1
587,CP028397.1
588,CP028398.1
589,CP028399.1
590,CP028400.1
591,CP028401.1
592,CP028402.1
593,CP028403.1
594,CP028404.1
595,CP028405.1
596,CP028406.1
597,CP028407.1
598,CP028408.1
599,CP028409.1
600,CP028410.1
601,CP028411.1
602,CP028412.1
603,CP028413.1
604,CP029372.1
605,CP041211.1
606,CP044429.1
607,CP048400.1
608,CP060429.1
609,CP060430.1
610,CP060431.1
611,CP060432.1
612,CP060433.1
613,CP060434.1
614,CP060435.1
615,CP062126.1
616,FR733647.1
617,HG421741.1
618,LR134397.1
619,LR134400.1
620,LT906436.1
621,CP006593.1
622,CP007200.1
623,CP007199.1
624,CP019621.1
625,CP020833.1
626,LR594038.1
627,CP027303.2
628,CP061472.1
629,CP014342.1
630,CP002050.1
631,CR377818.1
632,LS974444.1
633,CP030231.1
634,CP065566.1
635,CP065572.1
636,CP062004.1
637,CP061929.1
638,CP036165.1
639,CP049312.1
640,CP063330.1
641,CP065564.1
642,CP019177.1
643,CP062795.1
644,CP060730.1
645,CP066333.1
646,CP065419.1
647,CP001127.1
648,CP030749.1
649,CP026609.1
650,CP030209.1
651,CP019403.1
652,CP040380.1
653,CP040379.1
654,CP014665.1
655,CP041184.1
656,CP007531.1
657,CP014664.1
658,CP045515.1
659,CP045518.1
660,CP014659.2
661,CP051452.1
662,CP013226.1
663,CP014666.2
664,CP014661.1
665,CP007483.2
666,CP051342.1
667,CP041183.1
668,CP007211.2
669,CP051394.1
670,CP029800.1
671,CP017719.1
672,CP014620.1
673,CP033338.1
674,CP045464.1
675,CP045509.1
676,CP045465.1
677,CP045458.1
678,CP045466.1
679,CP014663.2
680,CP013222.1
681,CP045461.1
682,CP045516.1
683,CP045513.1
684,CP014657.1
685,CP049882.1
686,CP049874.1
687,CP049875.1
688,CP049883.1
689,CP054827.1
690,CP049880.1
691,CP049879.1
692,CP049877.1
693,CP049881.1
694,CP022139.1
695,AP019516.1
696,CP003988.1
697,CP003499.1
698,CP012588.1
699,LR822035.1
700,CP054694.1
701,CP044412.1
702,CP035319.1
703,CP046159.1
704,CP046156.1
705,CP028229.1
706,CP014890.1
707,CP014881.1
708,FM162591.1
709,CP024900.1
710,CP028561.1
711,CP051862.1
712,CP028859.1
713,CP013843.1
714,CP000728.1
715,CP002011.1
716,CP033326.1
717,CP011013.1
718,CP015362.1
719,CP018047.1
720,CP024930.1
721,CP036490.1
722,CP011217.1
723,CM002369.1
724,CP000024.1
725,CP016439.1
726,LR822011.1
727,CP020557.1
728,CP019717.1
729,CP019655.1
730,CP019659.1
731,CP019794.1
732,CP020327.1
733,CP026090.2
734,CP026092.2
735,CP030219.1
736,LR134156.1
737,CP001790.1
738,CP017482.1
739,CP032839.1
740,CP007230.1
741,CP003704.1
742,CP001724.1
743,CP026420.1
744,LR590464.1
745,CP047973.1
746,CP018332.1
747,CP006956.1
748,CP002411.1
749,CP002412.1
750,CP029458.1
751,CP008943.1
752,CP023057.1
753,CP045858.1
754,AP018726.1
755,CP024780.1
756,CP066552.1
757,CP034276.1
758,CP046377.1
759,CP065030.1
760,BX470251.1
761,CP015281.1
762,CP024901.1
763,CP020350.1
764,CP001657.1
765,CP023670.1
766,CP003550.1
767,CP002391.1
768,CP061404.1
769,LR890627.1
770,CP014123.1
771,CP060485.1
772,CP014008.1
773,CP063930.1
774,CP056883.1
775,CP056878.1
776,CP013711.1
777,LR890569.1
778,CP025541.3
779,VXCI01000007.1
780,LR890740.1
781,APGM01000001.1
782,CP000964.1
783,CP016453.1
784,LR134146.1
785,CP009706.1
786,LT853882.1
787,CP046920.1
788,CP003552.1
789,AP018184.1
790,AP017295.1
791,CP040272.1
792,CP018793.1
793,CP040464.1
794,AP017992.1
795,LR812492.1
796,CP001607.1
797,CP009230.1
798,CP003099.1
799,CP012958.1
800,LS483485.1
801,CP000687.1
802,LR134515.1
803,AP014520.1
804,CP003496.2
805,CP016553.1
806,CP031477.1
807,LN908249.1
808,LS483358.1
809,CP035107.1
810,CP057101.1
811,CP047412.1
812,CP000412.1
813,CP041280.1
814,CP001083.1
815,CP013857.1
816,CP031097.1
817,CP006908.1
818,LR890356.1
819,CP063922.1
820,CP041353.2
821,CP036438.1
822,LR607360.1
823,LR890471.1
824,CP003748.1
825,AP019831.1
826,CP016476.1
827,AP006618.1
828,CP031418.1
829,LN868939.1
830,CP003991.1
831,CP042279.1
832,CM000745.1
833,CP021924.1
834,AP011122.1
835,AP011129.1
836,AP011136.1
837,AP011143.1
838,AP011150.1
839,AP011157.1
840,AP011164.1
841,AP011171.1
842,CP029397.2
843,CM001166.1
844,CM001165.1
845,CP033063.1
846,AP017623.1
847,CP046113.1
848,CP003726.1
849,CP042216.1
850,CP015410.2
851,CP022712.1
852,CP029612.1
853,CP046334.1
854,CP018836.1
855,AP009510.1
856,CP043558.1
857,CP053797.1
858,CP026531.1
859,CP046839.1
860,AE008692.2
861,CP023677.1
862,CP023682.1
863,CP023715.1
864,CP035711.1
865,CP035712.1
866,CP035713.1
867,CP032897.1
868,CP050073.1
869,AP024272.1
870,CP021131.1
871,CM003136.1
872,CP020563.1
873,CP046573.1
874,CP029971.1
875,CP016489.1
876,CP000783.1
877,CP045778.1
878,CP034745.1
879,CP046006.1
880,CP053787.1
881,CP019213.3
882,CP032237.1
883,CP059288.1
884,CP034727.1
885,CP032986.1
886,CP040927.1
887,CP035312.1
888,LR898868.1
889,CP060748.1
890,CP057717.1
891,CP044293.1
892,CP034787.1
893,AP021894.1
894,CP059929.1
895,CP041628.1
896,CP029687.1
897,CP050212.1
898,CP050203.1
899,CP024256.1
900,CP040090.1
901,CP019961.1
902,CP050196.1
903,CP027105.1
904,CP046716.1
905,AP023427.1
906,CP039298.1
907,CP024239.1
908,CP047094.1
909,CP010226.1
910,CP002729.1
911,CP054224.1
912,CP024131.1
913,CP059283.1
914,CP057705.1
915,CP057470.1
916,CP012717.1
917,CP066022.1
918,CP013334.1
919,CP060115.1
920,CP020470.1
921,CP029995.1
922,CP022135.1
923,CP022142.1
924,CP059886.1
925,CP022117.1
926,CP032291.1
927,LR822020.1
928,CP033966.1
929,CP033372.1
930,CP029538.1
931,CP040780.1
932,CP006804.1
933,CP045586.1
934,CP018002.1
935,LR698993.1
936,LT618793.1
937,CP031325.1
938,CP019894.1
939,CP031253.1
940,AL157959.1
941,CP020420.2
942,LR134525.1
943,CP065653.1
944,LR134528.1
945,CP009242.1
946,CP015039.1
947,CP047340.1
948,CP045008.1
949,CP054933.1
950,CM002757.1
951,CP023690.1
952,LR134306.1
953,CP009364.1
954,CP009997.1
955,CP009759.1
956,CP003080.1
957,CP040804.1
958,CP018186.1
959,CP018189.1
960,CP003030.1
961,CP001808.1
962,CP041396.1
963,CP000542.1
964,CP031780.1
965,CP033715.1
966,CP001084.2
967,LS483295.1
968,LR134530.1
969,CP053600.1
970,CP053592.1
971,CP000819.1
972,CP047231.1
973,CP049118.1
974,CP053599.1
975,CP053602.1
976,CP010585.1
977,CP013048.1
978,CP014268.2
979,CP014641.1
980,CP053595.1
981,CP014768.1
982,CP001509.3
983,CP060121.1
984,CP014269.1
985,CP027430.1
986,CP053594.1
987,CP010816.1
988,CP053597.1
989,AM946981.2
990,CP053601.1
991,CP013031.1
992,CP014642.1
993,LR134248.1
994,CP011938.1
995,CP045977.1
996,CP029371.1
997,CP001665.1
998,CP059137.1
999,CP062994.1
1000,CP044386.1
1001,AP023338.1
1002,CP018696.1
1003,CP018702.1
1004,CP018708.1
1005,CP018720.1
1006,CP043933.1
1007,CP052325.1
1008,CP048942.1
1009,CP031580.1
1010,CP042866.1
1011,CP042868.1
1012,AP021951.1
1013,CP032356.1
1014,CP052558.1
1015,CP056276.1
1016,CP027156.1
1017,CP052327.1
1018,CP041935.1
1019,CP018961.1
1020,CP052488.1
1021,CP057314.1
1022,CP052240.1
1023,CP052539.1
1024,CP052208.1
1025,CP052233.1
1026,CP052310.1
1027,CP057067.1
1028,CP052236.1
1029,CP050068.1
1030,CP052269.1
1031,CP052242.1
1032,CP031735.1
1033,CP044381.1
1034,CP044377.1
1035,CP040861.1
1036,CP032223.1
1037,AP022015.1
1038,AP021984.1
1039,CP023723.1
1040,CP016921.1
1041,CP034406.1
1042,CP028929.1
1043,CP028791.1
1044,CP020068.1
1045,CP020854.1
1046,CP058799.1
1047,CP034681.1
1048,CP006799.1
1049,AP018748.1
1050,CP064821.1
1051,CP012754.1
1052,CP053772.1
1053,CP022612.1
1054,CP030878.1
1055,CP048109.1
1056,CP026715.1
1057,CP024507.1
1058,CP056795.1
1059,LR890313.1
1060,CP041093.1
1061,CP053766.1
1062,CP018339.1
1063,CP017986.1
1064,CP018313.1
1065,CP018687.1
1066,CP018714.1
1067,AP024173.1
1068,CP046671.1
1069,CP067066.1
1070,LR890669.1
1071,CP055412.1
1072,CP020848.1
1073,CP036336.1
1074,CP003683.1
1075,CP023185.1
1076,CP022348.1
1077,CP038336.1
1078,CP056682.1
1079,CP055309.1
1080,CP029770.1
1081,CP044380.1
1082,CP063867.1
1083,CP044393.1
1084,CP012745.1
1085,CP052224.1
1086,CP044039.1
1087,CP040724.1
1088,CP023839.1
1089,CP017985.1
1090,CP052297.1
1091,CP023913.1
1092,CP018695.1
1093,CP024429.1
1094,CP052213.1
1095,CP018713.1
1096,CP015500.1
1097,CP021944.1
1098,CP052306.1
1099,CP061053.1
1100,CP032222.1
1101,CP027042.1
1102,CP026017.1
1103,CP066855.1
1104,LN824133.1
1105,CP061062.1
1106,AP021880.1
1107,CP021757.1
1108,CP021939.1
1109,CP059317.1
1110,CP052286.1
1111,CP059312.1
1112,CP018707.1
1113,CP052272.1
1114,CP018686.1
1115,CP015382.1
1116,CP023249.1
1117,CP024834.1
1118,CP015025.1
1119,CP029582.1
1120,AP023337.1
1121,CP052662.1
1122,CP018701.1
1123,CP018140.1
1124,CP023925.1
1125,CP024838.1
1126,CP052275.1
1127,CP009876.1
1128,CP012426.1
1129,CP052292.1
1130,CP025515.1
1131,CP018719.1
1132,CP025963.2
1133,CP014755.1
1134,CP050360.1
1135,CP063013.1
1136,CP024916.1
1137,CP025092.1
1138,CP025630.1
1139,LR890562.1
1140,LR890698.1
1141,LR890640.1
1142,VXCL01000006.1
1143,LR890277.1
1144,LR890527.1
1145,AP014950.1
1146,CP043928.1
1147,AP022142.1
1148,AP019687.1
1149,CP060422.1
1150,CU928162.2
1151,CP001891.1
1152,CP057650.1
1153,CP057479.1
1154,CP055681.1
1155,CP042615.1
1156,CP028555.2
1157,CP031817.1
1158,CP062997.1
1159,CP021696.1
1160,CP003218.1
1161,CP021740.1
1162,CP019160.1
1163,CP052262.1
1164,CP056307.1
1165,CP063428.1
1166,CP055509.1
1167,LR890245.1
1168,CP057459.1
1169,CP050455.1
1170,CP017934.1
1171,CP065351.1
1172,CP063885.1
1173,CP063943.1
1174,CP056830.1
1175,CP056329.1
1176,CP025089.1
1177,CP036442.1
1178,CP035210.1
1179,LR890422.1
1180,CP055517.1
1181,LR890686.1
1182,CP024458.1
1183,CP013322.1
1184,CP063934.1
1185,CP031795.1
1186,CP011624.1
1187,CP025636.1
1188,CP063906.1
1189,CP063919.1
1190,AP022553.1
1191,FO203501.1
1192,CP065341.1
1193,LR134253.1
1194,CP065937.1
1195,CP021708.1
1196,CP043859.1
1197,CP028932.1
1198,CP016923.1
1199,CP012043.1
1200,LR890751.1
1201,CP053765.1
1202,CP058798.1
1203,CP028716.1
1204,AP018747.1
1205,AP018753.1
1206,LR890353.1
1207,CP014004.1
1208,CP020853.1
1209,CP034408.1
1210,CP026751.1
1211,CP020067.1
1212,AP018750.1
1213,CP012753.1
1214,CP030072.1
1215,CP022611.1
1216,CP036187.1
1217,CP052320.1
1218,CP006798.1
1219,CP031734.1
1220,CP053771.1
1221,CP061389.1
1222,CP046949.1
1223,CP018458.1
1224,CP015990.1
1225,CP052392.1
1226,CP052434.1
1227,CP053035.1
1228,CP046381.1
1229,CP052280.1
1230,CP039813.1
1231,CP052217.1
1232,CP036335.1
1233,CP052351.1
1234,CP029137.1
1235,CP034077.1
1236,CP052388.1
1237,CP034053.1
1238,CP035929.1
1239,CP034076.1
1240,CP024874.1
1241,CP052565.1
1242,CP052451.1
1243,CP017385.1
1244,CP050376.1
1245,CP008929.1
1246,CP009208.1
1247,CP022023.1
1248,CP028176.1
1249,CP052490.1
1250,CP022127.1
1251,CP046939.1
1252,CP040593.1
1253,CP016926.1
1254,CP045674.1
1255,CP061354.1
1256,CP059889.1
1257,CP034045.1
1258,CP063215.1
1259,CP064352.1
1260,CP039795.1
1261,CP039802.1
1262,LR890320.1
1263,CP052309.1
1264,CP052422.1
1265,CP046378.1
1266,CP055159.1
1267,CP054135.1
1268,CP019433.1
1269,CP020432.2
1270,CP050173.1
1271,CP035321.1
1272,CP056613.1
1273,CP057171.1
1274,CP041452.1
1275,CP010200.1
1276,CP057582.1
1277,CP060057.1
1278,LR778153.1
1279,AP022295.1
1280,CP057967.1
1281,CP041437.1
1282,CP047461.1
1283,CP041678.1
1284,CP057453.1
1285,CP062883.1
1286,CP062815.1
1287,CP058080.1
1288,CP063739.1
1289,CP041448.1
1290,CP061329.1
1291,CP016628.1
1292,CP057062.1
1293,LR130532.1
1294,CP062895.1
1295,CP009166.1
1296,CP050213.1
1297,CP056821.1
1298,CP030939.1
1299,CP016404.1
1300,CP061914.1
1301,AP021890.1
1302,CP057020.1
1303,CP027462.1
1304,CP041442.1
1305,LR778149.1
1306,CP056846.1
1307,CP058087.1
1308,LR134225.1
1309,CP056556.1
1310,CP062826.1
1311,CP041919.1
1312,LR134239.1
1313,CP058014.1
1314,CP035322.1
1315,CP013663.1
1316,CP015240.1
1317,CP057072.1
1318,CP060083.1
1319,CP056608.1
1320,CP032936.1
1321,CP010176.1
1322,LR134231.1
1323,CP042585.1
1324,CP058004.1
1325,CP057891.1
1326,CP010117.1
1327,LR778148.1
1328,CP057040.1
1329,CP058090.1
1330,CP057119.1
1331,CP041284.1
1332,CP050646.1
1333,CP055438.1
1334,CU928160.2
1335,CP025849.1
1336,CP058023.1
1337,CP056955.1
1338,CP047455.1
1339,CP056902.1
1340,CP060061.1
1341,CP057973.1
1342,CP058101.1
1343,AGTD01000001.1
1344,CP035320.1
1345,CP038857.1
1346,CP060073.1
1347,CP062832.1
1348,CP016546.1
1349,CP035360.1
1350,CP032989.1
1351,CP024661.1
1352,CP062838.1
1353,CP041302.1
1354,CP062844.1
1355,CP046003.1
1356,CP015228.1
1357,CP010344.1
1358,CP027520.1
1359,CP041520.1
1360,CP055976.1
1361,LR782231.1
1362,CP022279.1
1363,CP040443.1
1364,LR134340.1
1365,LR890576.1
1366,CP056165.1
1367,CP025317.1
1368,CP024694.1
1369,CP024695.1
1370,AP014855.1
1371,LS483474.1
1372,CP049986.1
1373,CP017723.1
1374,CP019206.1
1375,CP049981.1
1376,CP020565.1
1377,CP048926.1
1378,CP019172.1
1379,CP019204.1
1380,CP049983.1
1381,CP023166.1
1382,CP040700.1
1383,CP045954.1
1384,CP022491.1
1385,CP044368.1
1386,CP011289.1
1387,CP011288.1
1388,CP023345.1
1389,CP011292.1
1390,CP032159.1
1391,CP038233.1
1392,CP065717.1
1393,CP040428.1
1394,CP018030.1
1395,FN995097.1
1396,CP007229.1
1397,LR214971.1
1398,VXCI01000058.1
1399,CP016355.1
1400,LT907930.1
1401,CP043924.1
1402,CP017063.1
1403,CP014872.1
1404,CP014907.1
1405,CP033371.1
1406,CP034099.1
1407,CP032833.1
1408,CP012675.1
1409,CP053684.1
1410,CP012674.1
1411,CP015347.1
1412,CP053683.1
1413,CP004091.1
1414,CP012253.1
1415,CP038446.1
1416,CP038449.1
1417,CP039611.1
1418,CP044527.1
1419,CP056668.1
1420,CP055315.1
1421,CP020657.1
1422,CP056701.1
1423,CP063301.1
1424,CP033844.1
1425,AP022438.1
1426,CP007731.1
1427,LR890323.1
1428,LR890735.1
1429,CP050845.1
1430,CP047271.1
1431,CP045694.1
1432,CP034082.1
1433,LR890464.1
1434,CP014010.1
1435,CP027189.1
1436,CP063908.1
1437,CP026011.1
1438,CP025080.1
1439,CP016814.1
1440,CP052562.1
1441,CP063277.1
1442,CP030269.1
1443,CP026021.1
1444,CP025088.1
1445,CP047677.1
1446,CP025633.1
1447,VXCG01000006.1
1448,CP019047.1
1449,LR134254.1
1450,CP064208.1
1451,CP047675.1
1452,CP025631.1
1453,CP063890.1
1454,CP025641.1
1455,CP003785.1
1456,AP006725.1
1457,CP025087.1
1458,CP037742.1
1459,CP016813.1
1460,CP042481.1
1461,CP025211.1
1462,LR134217.1
1463,LR134206.1
1464,CP037441.1
1465,LR890312.1
1466,CP026273.1
1467,CP033106.1
1468,CM001972.1
1469,LT984417.2
1470,CP045729.1
1471,CP035156.1
1472,CP021456.1
1473,CP022930.1
1474,CP031636.1
1475,FN597254.1
1476,CP017697.1
1477,AP022431.1
1478,CP048736.1
1479,CP057166.1
1480,CP027457.1
1481,CP030783.2
1482,CP057123.1
1483,CP057587.1
1484,CP057603.1
1485,CP057951.1
1486,CP056237.1
1487,CP050198.1
1488,CP058209.1
1489,CP042246.1
1490,CP026853.1
1491,CP007149.1
1492,CP041535.1
1493,CP007275.1
1494,CP054449.1
1495,CP064825.1
1496,CP001855.1
1497,CP012631.1
1498,CP021288.1
1499,CP025401.1
1500,CP051735.1
1501,CP025328.1
1502,CP012635.1
1503,CP042250.1
1504,CP028714.1
1505,CP056867.1
1506,CP041526.1
1507,LR607328.1
1508,CP000468.1
1509,CP054454.1
1510,LR134031.1
1511,LR890198.1
1512,LR740776.1
1513,CP062228.1
1514,CP020545.1
1515,CP035498.1
1516,CP000243.1
1517,CU651637.1
1518,CP011915.1
1519,CP002167.1
1520,CP051719.1
1521,CP043181.1
1522,CP027461.1
1523,CP056816.1
1524,CP051711.1
1525,CP033092.2
1526,CP012625.1
1527,CP001969.1
1528,CP062985.1
1529,CP052057.1
1530,CU928161.2
1531,CP006830.1
1532,CP019777.1
1533,HG428755.1
1534,CP053231.1
1535,CP016007.1
1536,CP051744.1
1537,CP026491.1
1538,LR740758.1
1539,CP005930.1
1540,CP051714.1
1541,CP012633.1
1542,CP058207.1
1543,CP056159.1
1544,CP056697.1
1545,CP016606.1
1546,CP019981.1
1547,CP016803.1
1548,CP021427.1
1549,CP054875.1
1550,LR698989.1
1551,CP029546.1
1552,CP014912.1
1553,CP014924.1
1554,CP042627.1
1555,CP047288.1
1556,CP053043.1
1557,CP053372.1
1558,CP053895.1
1559,CP053897.1
1560,CP060727.1
1561,CP047639.1
1562,CP026364.1
1563,LR735437.1
1564,CP061041.1
1565,CP058261.1
1566,CP009623.1
1567,CP028435.1
1568,CP066370.1
1569,CP055599.1
1570,CP034166.1
1571,CP018957.1
1572,LR890270.1
1573,LR025101.1
1574,CP048873.1
1575,LR134221.1
1576,CM001142.1
1577,CP053045.1
1578,CP055696.1
1579,CP055955.1
1580,CP057463.1
1581,CP057681.1
1582,AP022298.1
1583,CP030781.2
1584,CP049612.1
1585,CP057690.1
1586,CP056632.1
1587,AP022536.1
1588,CP056947.1
1589,AP022478.1
1590,FN554766.1
1591,LR134246.1
1592,LR134238.1
1593,CP023484.1
1594,CP062137.1
1595,CP062824.1
1596,CP065432.1
1597,CP059040.1
1598,CP065887.1
1599,CP045110.1
1600,CP046654.1
1601,CP015121.1
1602,CP030106.1
1603,CP027246.2
1604,CP045541.1
1605,LS483472.1
1606,CP024418.1
1607,CP001182.2
1608,CP058625.1
1609,CP008706.1
1610,CP050403.1
1611,CU459141.1
1612,CP021782.1
1613,CP041035.1
1614,CP020595.1
1615,CP066016.1
1616,CP027528.1
1617,CP012952.1
1618,CP023029.1
1619,CP010781.1
1620,AP022077.1
1621,CP057408.1
1622,CP057302.1
1623,CP057075.1
1624,CP000802.1
1625,CP057293.1
1626,AP022222.1
1627,CP054227.1
1628,CP050210.1
1629,CP057773.1
1630,CP051694.1
1631,CP061339.1
1632,CP050209.1
1633,CP050208.1
1634,CP023644.1
1635,CP057160.1
1636,CP032515.1
1637,AP022173.1
1638,AP022261.1
1639,CP058223.1
1640,LR130564.1
1641,CP063153.1
1642,CP057133.1
1643,LR890405.1
1644,CU928163.2
1645,CP051692.1
1646,CP058574.1
1647,CP023142.1
1648,CP030768.1
1649,CP043406.1
1650,CP061337.1
1651,CP056598.1
1652,CP053247.1
1653,CP024282.1
1654,CP024263.1
1655,CP024269.1
1656,CP024223.1
1657,CP024273.1
1658,LR882990.1
1659,LR778147.1
1660,CP043414.1
1661,CP055971.1
1662,CP057959.1
1663,CP042599.1
1664,AP022849.1
1665,CBVU010000007.1
1666,CP050258.1
1667,CP050263.1
1668,CP050240.1
1669,FN666575.1
1670,CBVT010000007.1
1671,CP024970.1
1672,FN434113.1
1673,CP050244.1
1674,CP050242.1
1675,CP056034.1
1676,CP064855.1
1677,CP055227.1
1678,CBVS010000007.1
1679,CP017064.1
1680,CP025399.1
1681,CP016877.1
1682,CP045596.1
1683,CP066085.1
1684,CU928158.2
1685,CP056564.1
1686,CP057345.1
1687,CP057340.1
1688,CP057334.1
1689,CP057347.1
1690,CP057342.1
1691,CP010171.1
1692,CP042903.1
1693,CP033250.1
1694,CP000233.1
1695,CP002034.1
1696,LS991421.1
1697,CP027172.1
1698,CP017969.1
1699,CP047697.1
1700,CP020704.1
1701,CP020703.1
1702,CP053686.1
1703,CP061699.1
1704,CP021775.1
1705,CP031878.1
1706,CP031877.1
1707,CP031876.1
1708,CP053583.1
1709,CP053335.1
1710,AP012167.1
1711,CP046631.1
1712,CP031174.1
1713,CP031208.1
1714,CP000416.1
1715,CP018900.1
1716,CP026363.1
1717,CP009750.1
1718,LT604072.1
1719,CP028293.1
1720,CP020121.1
1721,CP031003.1
1722,CP031603.1
1723,CP031605.1
1724,CP059275.1
1725,CP040576.1
1726,CP045181.1
1727,CP025476.1
1728,CP034046.1
1729,CP034054.1
1730,AP023339.1
1731,CP000423.1
1732,CP040586.1
1733,CP002652.1
1734,CP043615.1
1735,CP028271.1
1736,CP002124.1
1737,FP236842.1
1738,CP023567.1
1739,FN392235.1
1740,CP056150.1
1741,CP048108.1
1742,CP053319.1
1743,CP053323.1
1744,CP016270.1
1745,CP020093.1
1746,CP018324.1
1747,CP028977.1
1748,CP046291.1
1749,CP053055.1
1750,CP030214.1
1751,CP051307.1
1752,CP051449.1
1753,CP044200.1
1754,CP051346.1
1755,CP042440.1
1756,CP027677.1
1757,CP066318.1
1758,CP022500.1
1759,LR134141.1
1760,LS483428.1
1761,CP046278.1
1762,CP051320.1
1763,CP045038.1
1764,CP019198.1
1765,CP019201.1
1766,LR134147.1
1767,CP051391.1
1768,CP007222.1
1769,CP017972.1
1770,CP017971.1
1771,CP020752.1
1772,CP007540.2
1773,CP017970.1
1774,CP017973.1
1775,CP032816.1
1776,CP032622.2
1777,CP039498.1
1778,CP039499.1
1779,CP039500.1
1780,CP032444.1
1781,CP017720.1
1782,CP019184.1
1783,CP060508.1
1784,CP037892.1
1785,CP037894.1
1786,CP030236.1
1787,CP007533.1
1788,CP051350.1
1789,CP054901.1
1790,CP048301.1
1791,CP019174.1
1792,CP048297.1
1793,CP051441.1
1794,CP022019.1
1795,CP043222.1
1796,CP045447.1
1797,LS483481.1
1798,CP066321.1
1799,CP045444.1
1800,CP022034.1
1801,CP006692.1
1802,LS483477.1
1803,LR134143.1
1804,CP029989.1
1805,CP037891.1
1806,LS483489.1
1807,CP019189.1
1808,CP039436.1
1809,CP039437.1
1810,CP063684.2
1811,CP030288.1
1812,CP024165.1
1813,CP019411.1
1814,CP049308.1
1815,LR134149.1
1816,CP025276.1
1817,CP053326.1
1818,CP019116.1
1819,CP034713.1
1820,CP034715.1
1821,CP034773.1
1822,CP022490.1
1823,CP012144.1
1824,CP032304.1
1825,CP027426.1
1826,CP057330.1
1827,CP056495.1
1828,CP058180.1
1829,LR607336.1
1830,CP042945.1
1831,CP057692.1
1832,CP034772.1
1833,LR822015.1
1834,LR824002.1
1835,CP033163.1
1836,LR134153.1
1837,CP009999.1
1838,AP014866.1
1839,CP004136.1
1840,CP007615.1
1841,CP011350.1
1842,CP004861.1
1843,CP013056.1
1844,CP010091.1
1845,CP001910.1
1846,CP004876.1
1847,CP024116.1
1848,CP024111.1
1849,CP024107.1
1850,CP024096.1
1851,CP024098.1
1852,CP024113.1
1853,CP048687.1
1854,CP015152.1
1855,CP058912.1
1856,CP013676.1
1857,CP033189.1
1858,CP013677.1
1859,CP033188.1
1860,CP031697.1
1861,CP013674.1
1862,CP033187.3
1863,CP045238.1
1864,AE013598.1
1865,CP031464.1
1866,CP031698.1
1867,CP000967.2
1868,CP020942.1
1869,CP031462.1
1870,CP040687.1
1871,CP031459.1
1872,CP007166.1
1873,CP033191.1
1874,CP021788.1
1875,CP031463.1
1876,CP021789.1
1877,CP033194.1
1878,CP031460.1
1879,CP033190.1
1880,CP033192.1
1881,CP013675.1
1882,CP031461.1
1883,CP033193.2
1884,CP031458.1
1885,CP011532.1
1886,CP033196.1
1887,CP012947.1
1888,CP033197.1
1889,CP020334.1
1890,CP013961.1
1891,CP031469.1
1892,CP050113.1
1893,CP013670.1
1894,CP049205.1
1895,CP018087.1
1896,CP050115.1
1897,AP008229.1
1898,CP050114.1
1899,CP031457.1
1900,CP013679.1
1901,CP046148.1
1902,CP031456.1
1903,CP013678.1
1904,CP034653.1
1905,CP025272.1
1906,CP028127.1
1907,LR594672.1
1908,LR594690.1
1909,LR594660.1
1910,LR594667.1
1911,CP014135.1
1912,CP011602.1
1913,LR133932.1
1914,LS483483.1
1915,CP063427.1
1916,FN543502.1
1917,CP012559.1
1918,CP057804.1
1919,CP057808.1
1920,CP014623.1
1921,CP035055.1
1922,AP019815.1
1923,FM177140.1
1924,CP002618.1
1925,CP002616.1
1926,HE970764.1
1927,CM001861.1
1928,CP038153.1
1929,CP025499.1
1930,CP041657.1
1931,CM001848.2
1932,CP027440.1
1933,CP051727.1
1934,CP056299.1
1935,CP021674.1
1936,CP051398.1
1937,CP051315.1
1938,CP051396.1
1939,CP030235.1
1940,CP051425.1
1941,LS999206.1
1942,CP044177.1
1943,CP028196.1
1944,CP030185.1
1945,CP032678.1
1946,CP033446.1
1947,CP033450.1
1948,CP027165.1
1949,CP054591.1
1950,CP029707.1
1951,CP017293.1
1952,CP032257.1
1953,CP029089.1
1954,CP056774.1
1955,CP029745.1
1956,CP027174.1
1957,CP027538.1
1958,CP025049.1
1959,CP025050.1
1960,CP028368.1
1961,CP039749.1
1962,CP041013.1
1963,LR590473.1
1964,CP012901.1
1965,LT673656.1
1966,CP056095.1
1967,LR130530.1
1968,LR130527.1
1969,CP014866.1
1970,CP042967.1
1971,CP003149.1
1972,LR890619.1
1973,LR130531.1
1974,LR130537.1
1975,CP017306.1
1976,LR130536.1
1977,CP050334.1
1978,LR130535.1
1979,CP045552.2
1980,CP050329.1
1981,CP002496.1
1982,CP037926.1
1983,CP037925.1
1984,CP033686.1
1985,CP012581.1
1986,CP012580.1
1987,CP006931.1
1988,CP030351.1
1989,CP012578.1
1990,CP056098.1
1991,CP012579.1
1992,CP012584.1
1993,CP015877.1
1994,CP041773.1
1995,CP012585.1
1996,CP059852.1
1997,CP030075.1
1998,CP020560.1
1999,CP012583.1
2000,CP030074.1
2001,CP005986.1
2002,CP012103.1
2003,CP014284.1
2004,CP032609.1
2005,CP046801.1
2006,CP050266.1
2007,CP053582.1
2008,CP045761.1
2009,AP018320.1
2010,AP018319.1
2011,CP058253.1
2012,CP042392.1
2013,CM008894.1
2014,CP025084.1
2015,CP025085.1
2016,CP026116.1
2017,CP053413.1
2018,CP034074.1
2019,CP054422.1
2020,CP046329.1
2021,CP000681.1
2022,CP000503.1
2023,CP003237.2
2024,CP002193.1
2025,CP004887.1
2026,CP011403.1
2027,CP003088.1
2028,CP066710.1
2029,CP059140.1
2030,CP054012.1
2031,CP002427.1
2032,CP002196.1
2033,CP016784.1
2034,CP043559.1
2035,CP022794.1
2036,CP021448.1
2037,CP023012.1
2038,CP022782.1
2039,CP023014.1
2040,CP046028.1
2041,CP061474.1
2042,AP017305.1
2043,CP028288.1
2044,CP014754.1
2045,CP045291.1
2046,CP017184.1
2047,CP038498.1
2048,CP031742.1
2049,AP009493.1
2050,CP058971.1
2051,CP021654.1
2052,AP018722.1
2053,CP061845.1
2054,CP046509.1
2055,ABHE02000065.1
2056,AM180355.1
2057,CP010905.2
2058,CP011847.1
2059,CP016318.1
2060,LN614756.1
2061,ABHD02000050.1
2062,CP020379.1
2063,CP020380.1
2064,CP025020.1
2065,CP046108.1
2066,CP025021.1
2067,CP002621.1
2068,CP041652.2
2069,CP022424.1
2070,CP024811.1
2071,CP001897.1
2072,CP051121.1
2073,CP046404.1
2074,CP049161.1
2075,LT969520.1
2076,CP006245.1
2077,CP026680.1
2078,CP013477.1
2079,CP013479.1
2080,CP008858.2
2081,CP048791.1
2082,CP033084.1
2083,LN870292.1
2084,CP013478.1
2085,CP029660.1
2086,CM002371.1
2087,CM002372.1
2088,CM002370.1
2089,LR822026.1
2090,LR822025.1
2091,LR134275.1
2092,CP035306.1
2093,CP059758.1
2094,AP018538.1
2095,AP018543.1
2096,CP003239.1
2097,CP060823.1
2098,CP047143.1
2099,CP020429.2
2100,CP032637.1
2101,CP040781.1
2102,CP011666.1
2103,CP014151.1
2104,CP059677.1
2105,CP001581.1
2106,CP013847.1
2107,CP018176.1
2108,AP019793.1
2109,AP019795.1
2110,CP011523.1
2111,CP061072.1
2112,CP023698.1
2113,CP024957.1
2114,LT907981.1
2115,CP046295.1
2116,CP002330.1
2117,CP000358.2
2118,CP015514.1
2119,CP022741.1
2120,CP007655.1
2121,LS483413.1
2122,CP057266.1
2123,CP033583.1
2124,CP021490.1
2125,CP041030.1
2126,CP043880.1
2127,CP039258.1
2128,CP012603.1
2129,CP013147.1
2130,CP043041.1
2131,CP044509.1
2132,CP039283.1
2133,CP039256.1
2134,CP043884.1
2135,CP044513.1
2136,CP022883.1
2137,CP026671.1
2138,CP043893.1
2139,CP006723.1
2140,CP030147.1
2141,CP024871.1
2142,CP025929.1
2143,CP046973.1
2144,AP009552.1
2145,AP019314.1
2146,CP011339.1
2147,CP020771.1
2148,CP054136.1
2149,CP011304.1
2150,CP012375.1
2151,AP019196.1
2152,AP022282.1
2153,AP022242.1
2154,CP010451.1
2155,AP009044.1
2156,CP015626.1
2157,CP060491.1
2158,CP054206.2
2159,CP060700.1
2160,CP031604.1
2161,CP031561.1
2162,CP003808.1
2163,CP029681.1
2164,CP029649.1
2165,CP058615.1
2166,CP061030.1
2167,AP014944.1
2168,CP012756.1
2169,CP029653.1
2170,CP039742.1
2171,CP021870.1
2172,CP022353.1
2173,CP043557.1
2174,AP004311.1
2175,CP003267.1
2176,CP028097.1
2177,CP001392.1
2178,CP055232.1
2179,LR890657.1
2180,CP016830.1
2181,CP016833.1
2182,LT853885.1
2183,CP013243.1
2184,CP027779.1
2185,CP027781.1
2186,CP013683.1
2187,CP013841.1
2188,CP028842.1
2189,CP046450.1
2190,CP000727.1
2191,AM412317.1
2192,CP000726.1
2193,AP014696.1
2194,FR773526.1
2195,CP002404.1
2196,CP035514.1
2197,CP031032.1
2198,CP047318.1
2199,CP012890.1
2200,CP009907.1
2201,CP039261.1
2202,CP021703.1
2203,CP021704.1
2204,CP014003.1
2205,CP039743.1
2206,CR543861.1
2207,CP060421.1
2208,CP012744.1
2209,CP019079.1
2210,CP019077.1
2211,CP047700.1
2212,CP012743.1
2213,CM001980.1
2214,CP022468.1
2215,CP045073.1
2216,CP060827.1
2217,BA000030.4
2218,CP003238.1
2219,CP057657.1
2220,CP051006.1
2221,CP012664.1
2222,LR134282.1
2223,LR594042.1
2224,LR822023.1
2225,AP012053.1
2226,CP036293.1
2227,CP015409.2
2228,CP021420.1
2229,CP047604.1
2230,CP039143.1
2231,CP039144.1
2232,CP044458.1
2233,CP020457.1
2234,CP007699.2
2235,CP043500.1
2236,CP014142.1
2237,CP067341.1
2238,FN665652.1
2239,CP042267.1
2240,CP019860.1
2241,CP000419.1
2242,CP027355.1
2243,CP034589.1
2244,CP024155.1
2245,LR134157.1
2246,CP019259.1
2247,CP017844.1
2248,CP029741.1
2249,LR882973.1
2250,CP029180.1
2251,CP022912.1
2252,CP043217.1
2253,CP050197.1
2254,AP021893.1
2255,LR134236.1
2256,CM007915.1
2257,CP062863.1
2258,CP022959.1
2259,LR883050.1
2260,CP024232.1
2261,CP017631.1
2262,CP050044.1
2263,CP034734.1
2264,CP013190.1
2265,CP024275.1
2266,LR134295.1
2267,CP062908.1
2268,CP000946.1
2269,CP042606.1
2270,CP024134.1
2271,CP046570.1
2272,FP565176.1
2273,CP066260.1
2274,FN667741.1
2275,CP058112.1
2276,CP056760.1
2277,AP014951.1
2278,CP046058.1
2279,CP001345.1
2280,CM000855.1
2281,LR134169.1
2282,CP010060.1
2283,CP010061.1
2284,CP049017.1
2285,CP049816.1
2286,CP001292.1
2287,CP001293.1
2288,LS483497.1
2289,CP007515.1
2290,CP039266.1
2291,CP002835.1
2292,CP047616.1
2293,CP054927.1
2294,CP020372.1
2295,CP020370.1
2296,CP021388.1
2297,AP022868.1
2298,CP022715.1
2299,CP029003.1
2300,CP030753.1
2301,CP029356.1
2302,CP009450.1
2303,CP046376.1
2304,CP026981.1
2305,CP026983.1
2306,CP026985.1
2307,CP065036.1
2308,CP020597.1
2309,CP027530.1
2310,CP032215.1
2311,CP040259.1
2312,CP050385.1
2313,CP033768.1
2314,CP046898.1
2315,LN865143.1
2316,CP022283.1
2317,LN997846.1
2318,CP029358.1
2319,CP017256.2
2320,CP017832.1
2321,CP012503.1
2322,CP041999.1
2323,CP042001.1
2324,CP042002.1
2325,FR873482.1
2326,CP020438.2
2327,FR873481.1
2328,CP011364.1
2329,CP006664.1
2330,CP011516.1
2331,CP022467.1
2332,CP003029.1
2333,CP022954.1
2334,CP009261.1
2335,CP019290.1
2336,AE017286.1
2337,CP002298.1
2338,CP046838.1
2339,CP046536.1
2340,CP026711.1
2341,CP027611.1
2342,CP042556.1
2343,CP055806.1
2344,CP056916.1
2345,CP056936.1
2346,CP056951.1
2347,CP057896.1
2348,CP057918.1
2349,CP057504.1
2350,CP057505.1
2351,FO834906.1
2352,LR792628.1
2353,CP057210.1
2354,CP057215.1
2355,CP057243.1
2356,CP013241.1
2357,CP013700.1
2358,CP006909.1
2359,CP015706.1
2360,CP000963.1
2361,CP000940.1
2362,CP013710.1
2363,CP014152.1
2364,CP006901.1
2365,CP002789.1
2366,CP000956.1
2367,CP000954.1
2368,CP009211.1
2369,LT906467.1
2370,CP001601.1
2371,CP027770.1
2372,CP065980.1
2373,CP047082.1
2374,CP008787.1
2375,CP001900.1
2376,CP044171.1
2377,CP012211.1
2378,CP012149.1
2379,LR134507.1
2380,CP022080.1
2381,CP000814.1
2382,CP012206.1
2383,CP019965.1
2384,CP020045.1
2385,CP028911.1
2386,CP044167.1
2387,FP929048.1
2388,LT906446.1
2389,CP028719.1
2390,CP054921.1
2391,CP015849.1
2392,CP063081.1
2393,CM000757.1
2394,CP053468.1
2395,CP002282.1
2396,CP024012.1
2397,CP040299.1
2398,LR822010.1
2399,LR822041.1
2400,CM002133.1
2401,CP022823.1
2402,CP034200.2
2403,CP062916.1
2404,CP035196.1
2405,CP032486.1
2406,CP066059.1
2407,CP007775.1
2408,CP013487.1
2409,CP046858.1
2410,CP045740.1
2411,CP000924.1
2412,CP002466.1
2413,CP051628.1
2414,CP034237.1
2415,CP001349.1
2416,CP009439.1
2417,CP047020.1
2418,CP029078.1
2419,CP034687.1
2420,CP046875.1
2421,CP001107.1
2422,LR699005.1
2423,FP929042.1
2424,LR027880.1
2425,CP044064.1
2426,CP009786.1
2427,CP033709.1
2428,CP033713.1
2429,LR134373.1
2430,LS483455.1
2431,CP050447.1
2432,CP009557.1
2433,CP003250.1
2434,CP007574.1
2435,LR027520.1
2436,CP003253.1
2437,AP024271.1
2438,AP008227.1
2439,AP014938.1
2440,CP039853.1
2441,AP010946.1
2442,CP015940.1
2443,CP021285.1
2444,CR628339.1
2445,LN831776.1
2446,CP047963.1
2447,FO704550.1
2448,CP003479.1
2449,CP003254.1
2450,AP019802.1
2451,CP015702.1
2452,CP013684.1
2453,LR134520.1
2454,CP003562.2
2455,AP015030.1
2456,AP008972.1
2457,LT629747.1
2458,CP027746.1
2459,CP050510.1
2460,CP010111.1
2461,CM000736.1
2462,CP014119.1
2463,LR822014.1
2464,LR822039.1
2465,LR822006.1
2466,LR822033.1
2467,LR822034.1
2468,CP030927.1
2469,CP038510.1
2470,CP047158.1
2471,CP015436.1
2472,CP015435.1
2473,CP015857.1
2474,CP055364.1
2475,CP030005.1
2476,CP053790.1
2477,CP056267.1
2478,CP019912.1
2479,AP017565.1
2480,CP030101.1
2481,CP002001.1
2482,CP019617.1
2483,CP028183.1
2484,CP045970.1
2485,HG813249.1
2486,CP013722.1
2487,CP054846.1
2488,CP032671.1
2489,CP020831.1
2490,CP044203.1
2491,CP051329.1
2492,CP015574.1
2493,JAALJB010000001.1
2494,CP038601.1
2495,CP029040.1
2496,CP038593.1
2497,CP045945.1
2498,AP020332.1
2499,CP025094.1
2500,CP065859.1
2501,CP051413.1
2502,CP039270.1
2503,LN868944.1
2504,CP034819.1
2505,CP038591.1
2506,CP028169.1
2507,CP029036.1
2508,CP032194.1
2509,CP051384.1
2510,CP029038.1
2511,CP001874.1
2512,CP016313.1
2513,AP018724.1
2514,CP025511.1
2515,CP047147.1
2516,CP045705.1
2517,CP053834.1
2518,CP022138.1
2519,CP030180.1
2520,CP020471.1
2521,CP047226.1
2522,CP001685.1
2523,AP019827.1
2524,CP010408.1
2525,CP013850.1
2526,CP013686.1
2527,CP014174.1
2528,CM002280.1
2529,CP007544.1
2530,CP007543.1
2531,CP065155.1
2532,CP001744.1
2533,LR134308.1
2534,LR134342.1
2535,CP012033.1
2536,CP014527.1
2537,CP016077.1
2538,CP018100.1
2539,LR735429.1
2540,CP030363.1
2541,AP020330.1
2542,CP000528.1
2543,CP024892.1
2544,CP040280.1
2545,CP045226.1
2546,CP040274.1
2547,CP054922.1
2548,CP045547.1
2549,CP045548.1
2550,CP010833.1
2551,CP040856.1
2552,CP049266.1
2553,LN890655.2
2554,CP000939.1
2555,CP013709.1
2556,CP013844.1
2557,CP021256.1
2558,CP015927.1
2559,CP015929.1
2560,CP015931.1
2561,CP021281.1
2562,CP021286.1
2563,CR628336.1
2564,LR134332.1
2565,CP046602.1
2566,CP056117.1
2567,CP056132.1
2568,CP058153.1
2569,CP058160.1
2570,AP022465.1
2571,CP000268.1
2572,CP003633.1
2573,CP028917.1
2574,CP012001.1
2575,LN831024.1
2576,CP050326.1
2577,CP033684.1
2578,LR590472.1
2579,CP008870.2
2580,LT883143.1
2581,AAQW01000001.1
2582,CP014028.2
2583,CP034354.1
2584,CP031660.1
2585,CP059995.1
2586,CP060240.1
2587,CP065866.1
2588,CP065027.1
2589,CP029050.1
2590,CP043043.1
2591,CP010312.1
2592,CP022434.1
2593,CP050500.1
2594,CP044506.1
2595,AP011548.1
2596,CP016823.1
2597,CP021426.1
2598,CP025428.1
2599,LR698954.1
2600,CP046395.1
2601,CP031290.1
2602,FM179322.1
2603,CP020016.1
2604,CP012148.1
2605,LR698988.1
2606,CP046514.1
2607,CP045045.1
2608,CP051005.1
2609,CP042213.1
2610,CP046111.1
2611,CP002491.1
2612,HF558530.1
2613,LR698844.1
2614,CP045598.1
2615,CP046112.1
2616,CP014949.1
2617,CP008816.1
2618,CP040898.1
2619,CP004081.1
2620,CP017708.1
2621,CP045583.1
2622,CP019651.1
2623,CP019687.1
2624,CP041247.1
2625,LR134142.1
2626,CP026683.1
2627,CP026682.1
2628,CP002476.1
2629,CP038146.1
2630,CP025047.1
2631,CP001722.1
2632,CP043404.1
2633,CP044077.1
2634,CM001580.1
2635,CP020403.2
2636,CP020346.1
2637,CP020347.1
2638,CP007040.1
2639,CP013291.1
2640,CP031230.1
2641,AE017222.1
2642,CP053288.1
2643,CP045298.1
2644,CP026082.1
2645,CP023691.1
2646,CP054929.1
2647,CP000605.1
2648,CP033753.1
2649,CM011124.1
2650,CP013068.1
2651,CP032312.1
2652,CP049226.1
2653,CP053907.1
2654,CP029754.1
2655,CP014688.1
2656,CP032411.1
2657,CP030854.1
2658,CP033737.1
2659,CP008767.1
2660,CP019167.1
2661,CP007538.1
2662,CP013724.1
2663,CP063240.1
2664,CP006940.1
2665,CP019170.1
2666,CP006862.1
2667,CP006858.1
2668,CP007018.1
2669,CP019618.1
2670,CP007019.1
2671,CP008769.1
2672,CP008837.1
2673,CP007020.1
2674,CP006859.1
2675,CP008836.1
2676,CP007009.1
2677,CP007017.1
2678,CP007008.1
2679,CP007021.1
2680,CP001602.2
2681,CP030837.1
2682,CP019164.1
2683,CP007527.1
2684,CP009258.1
2685,CP008703.1
2686,CP008768.1
2687,CP008772.1
2688,CP007010.1
2689,CP008765.1
2690,CP008773.1
2691,CP007011.1
2692,CP008766.1
2693,CP001604.1
2694,CP019165.1
2695,CP008770.1
2696,CP008771.1
2697,CP006861.1
2698,CP013919.1
2699,CP006860.1
2700,CP007007.1
2701,HG813247.1
2702,CP063381.1
2703,CP018685.1
2704,CP064843.1
2705,CP009576.1
2706,CP020774.1
2707,CP019615.1
2708,CP062129.1
2709,CP015593.1
2710,LR134402.1
2711,FR733648.1
2712,CP025440.1
2713,CP013723.1
2714,CP025082.1
2715,CP025443.1
2716,CP021325.1
2717,CP020830.1
2718,CP030811.1
2719,CP007196.1
2720,CP030836.1
2721,CP002003.1
2722,CP030812.1
2723,CP007195.1
2724,CP007194.1
2725,CP025442.1
2726,CP045972.1
2727,CP023861.1
2728,CP030835.1
2729,CP030870.1
2730,CP030813.1
2731,CP023752.1
2732,CP025438.1
2733,AL591824.1
2734,CP025259.1
2735,CP025568.1
2736,FR733649.1
2737,CP023754.1
2738,CP025567.1
2739,CP007689.1
2740,CP058256.1
2741,FR733650.1
2742,CP025560.1
2743,CP011345.1
2744,CP054042.1
2745,CP029175.1
2746,CP025221.1
2747,CP054041.1
2748,CP052758.1
2749,CP003276.1
2750,CP003721.1
2751,CP009769.1
2752,CP045304.1
2753,CP025075.1
2754,CP003125.1
2755,CP042251.1
2756,CR555307.1
2757,HF545617.1
2758,CP053612.1
2759,CP022523.1
2760,CP031316.1
2761,CP059679.1
2762,CP023011.2
2763,CP054049.1
2764,CP033461.1
2765,LR822027.1
2766,CP015111.1
2767,CP030366.1
2768,CP051651.1
2769,CP055302.1
2770,CP016614.1
2771,CP030142.1
2772,CP034707.1
2773,CP030217.1
2774,CP023468.1
2775,CP053287.1
2776,AE017221.1
2777,CP012409.1
2778,CP060607.1
2779,CP000876.1
2780,CP019682.1
2781,CP043427.1
2782,CP018335.1
2783,AP009049.1
2784,CP000673.1
2785,LR606150.1
2786,CP002362.1
2787,CP019985.1
2788,CP031128.1
2789,CP043473.1
2790,CP029554.1
2791,AE016825.1
2792,CP013353.1
2793,CP039703.1
2794,CP013489.1
2795,CP016333.1
2796,CP014705.1
2797,CP030362.1
2798,CP007156.1
2799,CP002778.1
2800,CP031166.1
2801,CP007453.1
2802,CP020568.1
2803,AP018562.1
2804,LT615367.1
2805,AP018205.1
2806,AP014644.1
2807,AP014640.1
2808,CP065670.1
2809,CP053032.1
2810,CP012019.1
2811,CP016876.1
2812,CP016873.1
2813,CP016872.1
2814,CP001828.1
2815,CP016868.1
2816,CP016874.1
2817,CR628337.1
2818,CP016870.1
2819,CP045850.1
2820,CM001019.1
2821,CP027859.1
2822,CM000914.1
2823,CP030810.1
2824,CP006597.1
2825,FR733646.1
2826,CP030834.1
2827,CP030809.1
2828,CP062124.1
2829,CP041213.1
2830,FR720325.1
2831,CP006594.1
2832,CP025222.1
2833,CP033373.1
2834,CP044354.1
2835,AP017920.1
2836,AP023326.1
2837,FN667742.1
2838,LN681227.1
2839,CP021852.1
2840,CP043332.1
2841,CP034090.1
2842,CP013673.1
2843,CP055230.1
2844,CP000487.1
2845,CP059443.1
2846,CP059445.1
2847,LS483431.1
2848,CP051880.1
2849,CP006833.1
2850,CP027287.1
2851,CM001228.1
2852,CP008810.1
2853,CP043435.1
2854,CP059437.1
2855,CP059439.1
2856,CP059441.1
2857,HG004426.1
2858,CP042327.1
2859,CP028425.1
2860,AP018824.1
2861,CP030880.1
2862,CP018254.1
2863,CP033243.1
2864,CP015364.1
2865,CP009534.1
2866,CP002348.1
2867,CP010411.1
2868,CP054425.1
2869,CP006714.1
2870,CP021386.1
2871,CP021392.1
2872,CP055123.1
2873,CP012343.1
2874,CP042272.1
2875,CP002629.1
2876,CP039303.1
2877,CP039311.1
2878,CP039318.1
2879,CP028974.1
2880,CP017662.1
2881,CP027107.2
2882,CP049360.1
2883,CP063117.1
2884,CP055306.1
2885,CP049244.1
2886,HE858529.1
2887,LR594047.1
2888,CP066369.1
2889,CP000753.1
2890,CP000891.1
2891,CP002383.1
2892,CP027798.1
2893,CP027796.1
2894,CP029992.1
2895,LS483456.1
2896,CP027025.1
2897,CP061007.1
2898,CP028927.1
2899,CP061052.1
2900,LR134298.1
2901,CP029322.1
2902,CP003022.1
2903,CP020345.1
2904,AE004439.1
2905,CP016605.1
2906,CP003313.1
2907,CP045724.1
2908,CP033598.1
2909,CP033600.1
2910,CP023516.1
2911,CP023972.1
2912,CP033599.1
2913,CP015565.1
2914,CP015561.1
2915,CP015564.1
2916,CP015567.1
2917,CP015563.1
2918,CP015566.1
2919,CP015560.1
2920,CP026859.1
2921,CP015570.1
2922,CP015572.1
2923,CM002276.1
2924,CP015559.1
2925,CP015573.1
2926,CP015568.1
2927,CP015558.1
2928,CP026860.1
2929,LT906458.1
2930,CP031554.1
2931,CP031551.1
2932,CP040848.1
2933,CP040918.1
2934,CP008918.1
2935,CP031552.1
2936,CP031553.1
2937,CP003328.1
2938,CP029712.1
2939,CP026861.1
2940,CP014618.1
2941,CP006976.1
2942,LR134514.1
2943,CP025690.1
2944,CP024058.1
2945,CP034694.1
2946,CP035150.1
2947,CP032328.1
2948,CP032326.1
2949,CP003548.1
2950,CP046704.1
2951,CP026317.1
2952,CP014336.1
2953,CP063315.1
2954,CP060624.1
2955,CP030585.1
2956,CP049480.1
2957,CP026953.1
2958,CP049580.1
2959,CP043300.1
2960,CP052029.1
2961,CP049474.1
2962,CP060623.1
2963,CP021349.1
2964,CP049488.1
2965,CP030547.1
2966,CP030441.1
2967,CP026968.1
2968,CP038863.1
2969,CP056155.1
2970,CP056441.1
2971,CP056756.1
2972,CP026850.1
2973,CP056747.1
2974,CP056707.1
2975,CP056742.1
2976,CP017180.1
2977,CP056751.1
2978,CP055354.1
2979,AP019007.1
2980,CP002866.1
2981,CP021642.1
2982,CP024443.2
2983,AP017296.1
2984,CP040908.1
2985,CP046815.1
2986,CP046802.1
2987,CP020873.1
2988,CP027432.2
2989,AP018167.1
2990,CP003660.1
2991,CP031455.1
2992,CP063823.1
2993,CP063816.1
2994,CP006872.1
2995,CP009909.1
2996,HF559394.1
2997,CP002693.1
2998,CP013988.1
2999,CP016463.1
3000,FQ311870.1
3001,CP016954.1
3002,LT906441.1
3003,CP000690.1
3004,CP003662.1
3005,AP018170.1
3006,CP038613.1
3007,CP021376.1
3008,CP021385.1
3009,CP021393.1
3010,CP023192.1
3011,CP023193.1
3012,CP023194.1
3013,CP023195.1
3014,CP023196.1
3015,CP023197.1
3016,CP021387.1
3017,CP006713.1
3018,CP066711.1
3019,CP065921.1
3020,CP066708.1
3021,CP065919.1
3022,CP035742.1
3023,CP035740.1
3024,CP066884.1
3025,CP039747.1
3026,CP066885.1
3027,CP066702.1
3028,CP066703.1
3029,CP066704.1
3030,CP066705.1
3031,CP066706.1
3032,CP066707.1
3033,CP066709.1
3034,CP027023.1
3035,CP019684.1
3036,CP024477.1
3037,CP013615.1
3038,CP019338.1
3039,CP008862.2
3040,CP008863.1
3041,CP033685.1
3042,LT608330.1
3043,CP028330.1
3044,CP000438.1
3045,CP034244.1
3046,CP003287.1
3047,CP051206.1
3048,AP018720.1
3049,CP007766.1
3050,CP063079.1
3051,CP046737.1
3052,CP011464.1
3053,LS991409.1
3054,AP017630.1
3055,CP052780.1
3056,CP066335.1
3057,CP016408.1
3058,CP052833.1
3059,CP052807.1
3060,CP052787.1
3061,CP040065.1
3062,CP038507.1
3063,CP052782.1
3064,CP040164.1
3065,CP052819.1
3066,CP052831.1
3067,CP052775.1
3068,CP052825.1
3069,CP052815.1
3070,CP047881.1
3071,CP066324.1
3072,CP040063.1
3073,CP052817.1
3074,CP039441.1
3075,CP016412.1
3076,CP052792.1
3077,CP052789.1
3078,CP052813.1
3079,CP052821.1
3080,CP040061.1
3081,CP051675.1
3082,CP052796.1
3083,CP052809.1
3084,CP039443.1
3085,CP016410.1
3086,CP052777.1
3087,CP052827.1
3088,CP052811.1
3089,CP019202.1
3090,CP052776.1
3091,CP052823.1
3092,CP038516.1
3093,CP035639.1
3094,CP052794.1
3095,CP040163.1
3096,CP052778.1
3097,CP052837.1
3098,CP052798.1
3099,CP016406.1
3100,CP026660.1
3101,CP039445.1
3102,CP052839.1
3103,CP060512.1
3104,CP052835.1
3105,CP052829.1
3106,CP052785.1
3107,CP052805.1
3108,LN649235.1
3109,CP046280.1
3110,CP007646.1
3111,CP053665.1
3112,AP022419.1
3113,AP018173.1
3114,CP006567.1
3115,CP066041.1
3116,CP034105.1
3117,AP023410.1
3118,CP034657.1
3119,CP043762.1
3120,CP018620.1
3121,CP030190.1
3122,CP043509.1
3123,CP051368.1
3124,CP001655.1
3125,HF969015.2
3126,CP028172.1
3127,CP060517.1
3128,CP051349.1
3129,CP033360.1
3130,CP043909.1
3131,CP009226.1
3132,HG530135.1
3133,CP016534.2
3134,CP002773.1
3135,CP002774.1
3136,CP002775.1
3137,CM001772.1
3138,CP050504.1
3139,CP026518.1
3140,CP029241.1
3141,CP060828.1
3142,CP007504.1
3143,CP004020.1
3144,CP007204.1
3145,CP031845.1
3146,CP007503.1
3147,CP044117.1
3148,CP024588.1
3149,CP044115.1
3150,CP065632.1
3151,CP000312.1
3152,CP065677.1
3153,LR822012.1
3154,LR822029.1
3155,CM003138.1
3156,CP018025.1
3157,CP018028.1
3158,CP023280.1
3159,AP017962.1
3160,CP067099.1
3161,CP029090.1
3162,LR134300.1
3163,CP013993.1
3164,CP025229.1
3165,CP044533.1
3166,CP046060.1
3167,CP046061.1
3168,CP023255.1
3169,AP018248.1
3170,AP018307.1
3171,AP019845.1
3172,AP018257.1
3173,AP018292.1
3174,CP041722.1
3175,CP002044.1
3176,CP002043.1
3177,CP051132.1
3178,CP042551.1
3179,AP022510.1
3180,CP014148.1
3181,CP031098.1
3182,CP013246.1
3183,CP018285.1
3184,LR588408.1
3185,CP003948.1
3186,CP026328.2
3187,CP043926.1
3188,CP002573.1
3189,CP020115.1
3190,CP003654.1
3191,CP020569.1
3192,AP018676.1
3193,CP029337.1
3194,CP063086.1
3195,CP014234.1
3196,CP065751.1
3197,CP031163.1
3198,CP041731.1
3199,LR822008.1
3200,LR822013.1
3201,CP047191.1
3202,LR822037.1
3203,CP025216.1
3204,CP006819.1
3205,CP028896.1
3206,CP016394.1
3207,CP030928.1
3208,CP010999.1
3209,CP016026.1
3210,LR822017.1
3211,LR822040.1
3212,CP039845.1
3213,LR215978.1
3214,CP012349.1
3215,CP023977.1
3216,CM001973.2
3217,CM001977.1
3218,CP003553.1
3219,CP023278.1
3220,AP018178.1
3221,CP031545.1
3222,FN806773.1
3223,LT618787.1
3224,LT618788.1
3225,CP041968.1
3226,LR822043.1
3227,LR822042.1
3228,CP022547.1
3229,CP023400.1
3230,AP011530.1
3231,FO538765.1
3232,CP003943.1
3233,CP033780.1
3234,CP044097.1
3235,CP040234.1
3236,CP050976.1
3237,CP042595.1
3238,CP030144.1
3239,CP063817.1
3240,CP063822.1
3241,CP040500.1
3242,CP050541.1
3243,CP025617.1
3244,CP015817.1
3245,LN831036.1
3246,CP054876.1
3247,CP010402.1
3248,AP020316.1
3249,CP003194.1
3250,CP031754.1
